Country;Response_measure;change;date_start;date_end
Austria;AdaptationOfWorkplace;1;10/03/2020;NA
Austria;ClosDaycare;1;16/03/2020;04/05/2020
Austria;ClosHigh;1;16/03/2020;30/09/2020
Austria;ClosPrim;1;16/03/2020;18/05/2020
Austria;ClosPubAny;1;16/03/2020;13/04/2020
Austria;ClosPubAnyPartial;1;14/04/2020;NA
Austria;ClosSec;1;16/03/2020;03/05/2020
Austria;ClosSecPartial;1;04/05/2020;03/06/2020
Austria;EntertainmentVenues;1;16/03/2020;30/04/2020
Austria;EntertainmentVenuesPartial;1;01/05/2020;29/05/2020
Austria;GymsSportsCentres;1;16/03/2020;30/04/2020
Austria;GymsSportsCentresPartial;1;01/05/2020;29/05/2020
Austria;HotelsOtherAccommodation;1;31/03/2020;29/05/2020
Austria;IndoorOver100;1;10/03/2020;15/03/2020
Austria;IndoorOver100;3;01/05/2020;01/07/2020
Austria;IndoorOver1000;1;02/07/2020;31/07/2020
Austria;IndoorOver1000;3;21/09/2020;NA
Austria;IndoorOver5;1;16/03/2020;30/04/2020
Austria;MasksMandatoryAllSpaces;1;14/09/2020;NA
Austria;MasksMandatoryClosedSpaces;1;06/04/2020;14/06/2020
Austria;MasksMandatoryClosedSpacesPartial;1;15/06/2020;13/09/2020
Austria;MasksVoluntaryClosedSpacesPartial;1;31/03/2020;05/04/2020
Austria;MassGatherAll;1;10/03/2020;31/07/2020
Austria;MassGatherAll;3;21/09/2020;NA
Austria;NonEssentialShops;1;16/03/2020;13/04/2020
Austria;NonEssentialShopsPartial;1;14/04/2020;01/05/2020
Austria;OutdoorOver1000;1;02/07/2020;31/07/2020
Austria;OutdoorOver1000;3;21/09/2020;NA
Austria;OutdoorOver5;1;16/03/2020;30/04/2020
Austria;OutdoorOver50;1;01/05/2020;29/05/2020
Austria;OutdoorOver500;1;10/03/2020;15/03/2020
Austria;OutdoorOver500;3;30/05/2020;01/07/2020
Austria;PlaceOfWorship;1;16/03/2020;14/05/2020
Austria;PlaceOfWorshipPartial;1;15/05/2020;NA
Austria;RestaurantsCafes;1;16/03/2020;15/05/2020
Austria;StayHomeGen;1;10/03/2020;15/03/2020
Austria;StayHomeOrder;1;16/03/2020;30/04/2020
Austria;Teleworking;1;10/03/2020;NA
Belgium;ClosDaycare;1;01/05/2020;02/06/2020
Belgium;ClosHigh;1;13/03/2020;NA
Belgium;ClosPrim;1;13/03/2020;17/05/2020
Belgium;ClosPrimPartial;1;18/05/2020;08/06/2020
Belgium;ClosPubAny;1;13/03/2020;03/05/2020
Belgium;ClosPubAnyPartial;1;04/05/2020;NA
Belgium;ClosSec;1;13/03/2020;17/05/2020
Belgium;ClosSecPartial;1;18/05/2020;28/08/2020
Belgium;EntertainmentVenues;1;13/03/2020;17/05/2020
Belgium;EntertainmentVenuesPartial;1;18/05/2020;NA
Belgium;GymsSportsCentres;1;13/03/2020;03/05/2020
Belgium;GymsSportsCentresPartial;1;04/05/2020;01/07/2020
Belgium;IndoorOver1000;1;10/03/2020;17/03/2020
Belgium;IndoorOver5;1;18/03/2020;30/06/2020
Belgium;IndoorOver500;1;01/07/2020;NA
Belgium;MasksMandatoryAllSpaces;1;11/07/2020;30/09/2020
Belgium;MasksMandatoryClosedSpaces;1;04/05/2020;NA
Belgium;MasksVoluntaryAllSpaces;1;04/05/2020;10/07/2020
Belgium;MasksVoluntaryAllSpacesPartial;1;01/10/2020;NA
Belgium;MassGatherAll;1;10/03/2020;NA
Belgium;NonEssentialShops;1;13/03/2020;03/05/2020
Belgium;NonEssentialShopsPartial;1;04/05/2020;02/06/2020
Belgium;OutdoorOver5;1;18/03/2020;30/06/2020
Belgium;OutdoorOver500;1;01/07/2020;NA
Belgium;PlaceOfWorship;1;13/03/2020;07/06/2020
Belgium;PlaceOfWorshipPartial;1;08/06/2020;05/10/2020
Belgium;RestaurantsCafes;1;13/03/2020;08/06/2020
Belgium;SocialCircle;1;18/03/2020;NA
Belgium;StayHomeGenPartial;1;11/05/2020;31/08/2020
Belgium;StayHomeOrder;1;18/03/2020;10/05/2020
Belgium;Teleworking;1;10/03/2020;07/06/2020
Belgium;TeleworkingPartial;1;08/06/2020;NA
Bulgaria;ClosDaycare;1;13/03/2020;21/05/2020
Bulgaria;ClosDaycarePartial;1;22/05/2020;14/06/2020
Bulgaria;ClosHigh;1;13/03/2020;31/05/2020
Bulgaria;ClosHighPartial;1;01/06/2020;NA
Bulgaria;ClosPrim;1;13/03/2020;NA
Bulgaria;ClosPubAny;1;13/03/2020;17/05/2020
Bulgaria;ClosPubAnyPartial;1;18/05/2020;NA
Bulgaria;ClosSec;1;13/03/2020;NA
Bulgaria;EntertainmentVenues;1;13/03/2020;17/05/2020
Bulgaria;EntertainmentVenuesPartial;1;18/05/2020;NA
Bulgaria;GymsSportsCentres;1;13/03/2020;31/05/2020
Bulgaria;GymsSportsCentresPartial;1;01/06/2020;14/06/2020
Bulgaria;IndoorOver5;1;13/03/2020;30/06/2020
Bulgaria;MasksMandatoryAllSpaces;1;30/03/2020;31/03/2020
Bulgaria;MasksMandatoryAllSpaces;3;12/04/2020;14/06/2020
Bulgaria;MasksMandatoryAllSpacesPartial;1;15/06/2020;NA
Bulgaria;MassGatherAllPartial;1;13/03/2020;30/06/2020
Bulgaria;NonEssentialShops;1;13/03/2020;17/05/2020
Bulgaria;NonEssentialShopsPartial;1;18/05/2020;NA
Bulgaria;OutdoorOver5;1;13/03/2020;30/06/2020
Bulgaria;RestaurantsCafes;1;13/03/2020;31/05/2020
Bulgaria;RestaurantsCafesPartial;1;01/06/2020;NA
Bulgaria;StayHomeRiskG;1;17/03/2020;NA
Bulgaria;Teleworking;1;13/03/2020;NA
Croatia;ClosDaycare;1;16/03/2020;11/05/2020
Croatia;ClosHigh;1;16/03/2020;NA
Croatia;ClosPrim;1;16/03/2020;10/05/2020
Croatia;ClosPrimPartial;1;11/05/2020;25/05/2020
Croatia;ClosPubAny;1;19/03/2020;28/05/2020
Croatia;ClosPubAnyPartial;1;14/08/2020;22/09/2020
Croatia;ClosSec;1;16/03/2020;NA
Croatia;ClosureOfPublicTransport;1;22/03/2020;27/04/2020
Croatia;EntertainmentVenues;1;19/03/2020;28/05/2020
Croatia;GymsSportsCentres;1;19/03/2020;11/05/2020
Croatia;IndoorOver5;1;19/03/2020;NA
Croatia;MasksMandatoryAllSpaces;1;28/02/2020;NA
Croatia;MasksMandatoryClosedSpacesPartial;1;25/06/2020;NA
Croatia;MassGatherAll;1;19/03/2020;23/08/2020
Croatia;MassGatherAllPartial;1;24/08/2020;NA
Croatia;NonEssentialShops;1;19/03/2020;27/04/2020
Croatia;OutdoorOver5;1;19/03/2020;17/05/2020
Croatia;OutdoorOver50;1;18/05/2020;27/05/2020
Croatia;OutdoorOver50;3;24/08/2020;NA
Croatia;RestaurantsCafes;1;19/03/2020;11/05/2020
Croatia;RestaurantsCafesPartial;1;14/08/2020;22/09/2020
Croatia;StayHomeGen;1;17/03/2020;05/05/2020
Croatia;StayHomeRiskG;1;03/03/2020;NA
Croatia;Teleworking;1;19/03/2020;27/05/2020
Cyprus;ClosDaycare;1;10/03/2020;09/06/2020
Cyprus;ClosHigh;1;10/03/2020;11/05/2020
Cyprus;ClosPrim;1;10/03/2020;21/05/2020
Cyprus;ClosPubAny;1;13/03/2020;03/05/2020
Cyprus;ClosPubAnyPartial;1;04/05/2020;29/06/2020
Cyprus;ClosSec;1;10/03/2020;10/05/2020
Cyprus;ClosSecPartial;1;11/05/2020;21/05/2020
Cyprus;EntertainmentVenues;1;16/03/2020;20/05/2020
Cyprus;EntertainmentVenuesPartial;1;21/05/2020;29/06/2020
Cyprus;GymsSportsCentres;1;13/03/2020;03/05/2020
Cyprus;GymsSportsCentresPartial;1;04/05/2020;13/06/2020
Cyprus;HotelsOtherAccommodation;1;16/03/2020;03/05/2020
Cyprus;HotelsOtherAccommodationPartial;1;04/05/2020;09/06/2020
Cyprus;IndoorOver100;1;12/07/2020;NA
Cyprus;IndoorOver50;1;10/03/2020;11/07/2020
Cyprus;MasksMandatoryClosedSpaces;1;04/05/2020;NA
Cyprus;MassGatherAll;1;10/03/2020;NA
Cyprus;NonEssentialShops;1;16/03/2020;03/05/2020
Cyprus;NonEssentialShopsPartial;1;04/05/2020;09/06/2020
Cyprus;OutdoorOver100;1;12/07/2020;NA
Cyprus;OutdoorOver5;1;10/03/2020;24/06/2020
Cyprus;OutdoorOver50;1;25/06/2020;11/07/2020
Cyprus;PlaceOfWorship;1;16/03/2020;03/05/2020
Cyprus;PlaceOfWorshipPartial;1;04/05/2020;01/06/2020
Cyprus;RestaurantsCafes;1;16/03/2020;20/05/2020
Cyprus;RestaurantsCafesPartial;1;21/05/2020;09/06/2020
Cyprus;StayHomeOrder;1;24/03/2020;03/05/2020
Cyprus;StayHomeOrderPartial;1;04/05/2020;21/05/2020
Cyprus;WorkplaceClosures;1;16/03/2020;14/04/2020
Cyprus;WorkplaceClosuresPartial;1;15/04/2020;29/06/2020
Czechia;AdaptationOfWorkplace;1;24/03/2020;11/05/2020
Czechia;ClosDaycare;1;11/03/2020;11/05/2020
Czechia;ClosHigh;1;11/03/2020;10/05/2020
Czechia;ClosHighPartial;1;11/05/2020;31/08/2020
Czechia;ClosPrim;1;11/03/2020;07/06/2020
Czechia;ClosPrimPartial;1;08/06/2020;31/08/2020
Czechia;ClosPubAnyPartial;1;10/03/2020;NA
Czechia;ClosSec;1;11/03/2020;07/06/2020
Czechia;ClosSecPartial;1;08/06/2020;31/08/2020
Czechia;EntertainmentVenuesPartial;1;13/03/2020;NA
Czechia;GymsSportsCentres;1;13/03/2020;26/04/2020
Czechia;GymsSportsCentresPartial;1;27/04/2020;NA
Czechia;IndoorOver5;1;23/03/2020;20/04/2020
Czechia;IndoorOver50;1;12/03/2020;22/03/2020
Czechia;IndoorOver50;3;21/04/2020;11/05/2020
Czechia;IndoorOver500;1;04/03/2020;11/03/2020
Czechia;IndoorOver500;3;01/09/2020;NA
Czechia;MasksMandatoryAllSpaces;1;19/03/2020;10/05/2020
Czechia;MasksMandatoryAllSpacesPartial;1;11/05/2020;03/07/2020
Czechia;MasksMandatoryClosedSpaces;1;25/07/2020;NA
Czechia;MasksVoluntaryAllSpaces;1;04/07/2020;31/08/2020
Czechia;MassGatherAll;1;04/03/2020;11/05/2020
Czechia;MassGatherAll;3;01/09/2020;NA
Czechia;NonEssentialShops;1;14/03/2020;11/05/2020
Czechia;OutdoorOver1000;1;01/09/2020;NA
Czechia;OutdoorOver5;1;23/03/2020;20/04/2020
Czechia;OutdoorOver50;1;12/03/2020;22/03/2020
Czechia;OutdoorOver50;3;21/04/2020;11/05/2020
Czechia;OutdoorOver500;1;04/03/2020;11/03/2020
Czechia;PlaceOfWorshipPartial;1;10/03/2020;NA
Czechia;RestaurantsCafes;1;14/03/2020;11/05/2020
Czechia;StayHomeOrder;1;16/03/2020;24/04/2020
Denmark;AdaptationOfWorkplace;1;08/05/2020;19/05/2020
Denmark;AdaptationOfWorkplacePartial;1;20/05/2020;NA
Denmark;ClosDaycare;1;16/03/2020;15/04/2020
Denmark;ClosHigh;1;16/03/2020;31/07/2020
Denmark;ClosPrim;1;16/03/2020;15/04/2020
Denmark;ClosPubAny;1;18/03/2020;20/04/2020
Denmark;ClosPubAnyPartial;1;21/04/2020;NA
Denmark;ClosSec;1;16/03/2020;18/05/2020
Denmark;EntertainmentVenues;1;18/03/2020;08/06/2020
Denmark;GymsSportsCentres;1;18/03/2020;08/06/2020
Denmark;IndoorOver100;1;14/03/2020;17/03/2020
Denmark;IndoorOver5;1;18/03/2020;08/06/2020
Denmark;IndoorOver50;1;09/06/2020;31/08/2020
Denmark;MasksMandatoryClosedSpaces;1;22/08/2020;NA
Denmark;MasksVoluntaryAllSpacesPartial;1;09/07/2020;NA
Denmark;MassGatherAll;1;14/03/2020;14/06/2020
Denmark;MassGatherAllPartial;1;15/06/2020;NA
Denmark;NonEssentialShops;1;18/03/2020;20/04/2020
Denmark;NonEssentialShopsPartial;1;21/04/2020;NA
Denmark;OutdoorOver100;1;15/06/2020;NA
Denmark;OutdoorOver5;1;18/03/2020;08/06/2020
Denmark;OutdoorOver500;1;09/06/2020;14/06/2020
Denmark;PlaceOfWorship;1;18/03/2020;18/05/2020
Denmark;RestaurantsCafes;1;18/03/2020;18/05/2020
Denmark;RestaurantsCafes;3;21/08/2020;16/09/2020
Denmark;RestaurantsCafesPartial;1;17/09/2020;NA
Denmark;StayHomeRiskG;1;14/03/2020;NA
Denmark;Teleworking;1;13/03/2020;14/06/2020
Denmark;TeleworkingPartial;1;15/06/2020;NA
Denmark;WorkplaceClosures;1;13/03/2020;10/05/2020
Estonia;ClosHigh;1;16/03/2020;17/05/2020
Estonia;ClosPrim;1;16/03/2020;17/05/2020
Estonia;ClosPubAny;1;12/03/2020;16/05/2020
Estonia;ClosPubAnyPartial;1;17/05/2020;01/07/2020
Estonia;ClosSec;1;16/03/2020;17/05/2020
Estonia;EntertainmentVenues;1;12/03/2020;16/05/2020
Estonia;EntertainmentVenuesPartial;1;17/05/2020;01/07/2020
Estonia;GymsSportsCentres;1;16/03/2020;17/05/2020
Estonia;IndoorOver100;1;01/06/2020;14/07/2020
Estonia;IndoorOver1000;1;15/07/2020;31/07/2020
Estonia;IndoorOver5;1;12/03/2020;17/05/2020
Estonia;IndoorOver50;1;18/05/2020;31/05/2020
Estonia;IndoorOver500;1;29/09/2020;NA
Estonia;MasksVoluntaryAllSpaces;1;12/03/2020;16/05/2020
Estonia;MasksVoluntaryAllSpacesPartial;1;17/05/2020;31/07/2020
Estonia;MassGatherAll;1;12/03/2020;31/05/2020
Estonia;MassGatherAll;3;01/08/2020;NA
Estonia;MassGatherAllPartial;1;01/06/2020;31/07/2020
Estonia;NonEssentialShops;1;27/03/2020;17/05/2020
Estonia;OutdoorOver100;1;18/05/2020;30/06/2020
Estonia;OutdoorOver1000;1;01/07/2020;NA
Estonia;OutdoorOver5;1;12/03/2020;17/05/2020
Estonia;PlaceOfWorship;1;12/03/2020;10/05/2020
Estonia;StayHomeGen;1;12/03/2020;17/05/2020
Estonia;Teleworking;1;16/03/2020;NA
Finland;ClosHigh;1;18/03/2020;04/08/2020
Finland;ClosPrim;1;18/03/2020;14/05/2020
Finland;ClosPubAny;1;18/03/2020;31/05/2020
Finland;ClosPubAnyPartial;1;01/06/2020;NA
Finland;ClosSec;1;18/03/2020;04/08/2020
Finland;EntertainmentVenues;1;18/03/2020;31/05/2020
Finland;EntertainmentVenuesPartial;1;01/06/2020;NA
Finland;GymsSportsCentres;1;18/03/2020;01/06/2020
Finland;IndoorOver50;1;18/03/2020;31/07/2020
Finland;IndoorOver500;1;12/03/2020;17/03/2020
Finland;IndoorOver500;3;01/08/2020;NA
Finland;MasksVoluntaryClosedSpaces;1;18/09/2020;NA
Finland;MasksVoluntaryClosedSpacesPartial;1;13/08/2020;17/09/2020
Finland;MassGatherAll;1;12/03/2020;30/06/2020
Finland;MassGatherAllPartial;1;01/07/2020;NA
Finland;OutdoorOver50;1;18/03/2020;31/07/2020
Finland;OutdoorOver500;1;12/03/2020;17/03/2020
Finland;OutdoorOver500;3;01/08/2020;NA
Finland;RestaurantsCafes;1;18/03/2020;31/05/2020
Finland;RestaurantsCafesPartial;1;01/06/2020;13/07/2020
Finland;RestaurantsCafesPartial;3;01/10/2020;NA
Finland;StayHomeRiskG;1;16/03/2020;22/06/2020
Finland;StayHomeRiskGPartial;1;23/06/2020;NA
Finland;Teleworking;1;18/03/2020;01/08/2020
Finland;TeleworkingPartial;1;13/08/2020;NA
France;ClosDaycare;1;16/03/2020;01/06/2020
France;ClosDaycarePartial;1;02/06/2020;22/06/2020
France;ClosHighPartial;1;16/03/2020;22/06/2020
France;ClosPrimPartial;1;16/03/2020;22/06/2020
France;ClosPubAny;1;16/03/2020;10/05/2020
France;ClosPubAnyPartial;1;11/05/2020;22/06/2020
France;ClosSec;1;16/03/2020;10/05/2020
France;ClosSecPartial;1;11/05/2020;22/06/2020
France;EntertainmentVenues;1;16/03/2020;01/06/2020
France;EntertainmentVenuesPartial;1;02/06/2020;22/06/2020
France;GymsSportsCentres;1;16/03/2020;22/06/2020
France;IndoorOver1000;1;29/02/2020;NA
France;MasksMandatoryClosedSpaces;1;18/05/2020;NA
France;MasksVoluntaryAllSpaces;1;11/05/2020;25/07/2020
France;MasksVoluntaryClosedSpaces;1;11/05/2020;17/05/2020
France;MassGatherAll;1;29/02/2020;17/09/2020
France;MassGatherAllPartial;1;18/09/2020;NA
France;NonEssentialShops;1;16/03/2020;10/05/2020
France;NonEssentialShopsPartial;1;11/05/2020;02/06/2020
France;OutdoorOver1000;1;13/03/2020;16/03/2020
France;OutdoorOver1000;3;16/06/2020;11/07/2020
France;OutdoorOver5;1;17/03/2020;15/06/2020
France;OutdoorOver50;1;18/09/2020;NA
France;RestaurantsCafes;1;16/03/2020;01/06/2020
France;RestaurantsCafesPartial;1;02/06/2020;15/06/2020
France;StayHomeOrder;1;17/03/2020;11/05/2020
France;StayHomeOrderPartial;1;12/05/2020;02/06/2020
France;Teleworking;1;17/03/2020;10/05/2020
France;TeleworkingPartial;1;11/05/2020;NA
France;WorkplaceClosures;1;17/03/2020;11/05/2020
Germany;ClosDaycare;1;13/03/2020;14/05/2020
Germany;ClosDaycarePartial;1;15/05/2020;01/07/2020
Germany;ClosPrim;1;13/03/2020;03/05/2020
Germany;ClosPrimPartial;1;04/05/2020;29/06/2020
Germany;ClosPubAny;1;16/03/2020;04/05/2020
Germany;ClosPubAnyPartial;1;05/05/2020;NA
Germany;ClosSec;1;13/03/2020;03/05/2020
Germany;ClosSecPartial;1;04/05/2020;15/06/2020
Germany;EntertainmentVenues;1;16/03/2020;04/05/2020
Germany;EntertainmentVenuesPartial;1;05/05/2020;NA
Germany;GymsSportsCentres;1;16/03/2020;14/05/2020
Germany;IndoorOver100;1;30/06/2020;28/09/2020
Germany;IndoorOver1000;1;08/03/2020;22/03/2020
Germany;IndoorOver50;1;23/03/2020;29/06/2020
Germany;IndoorOver50;3;29/09/2020;NA
Germany;MasksMandatoryClosedSpacesPartial;1;27/04/2020;NA
Germany;MasksVoluntaryAllSpaces;1;02/04/2020;27/04/2020
Germany;MassGatherAll;1;08/03/2020;10/05/2020
Germany;MassGatherAllPartial;1;11/05/2020;NA
Germany;NonEssentialShops;1;16/03/2020;20/04/2020
Germany;OutdoorOver100;1;30/06/2020;NA
Germany;OutdoorOver5;1;23/03/2020;29/06/2020
Germany;RestaurantsCafes;1;23/03/2020;04/05/2020
Germany;RestaurantsCafesPartial;1;05/05/2020;08/06/2020
Germany;SocialCirclePartial;1;02/08/2020;NA
Germany;StayHomeGen;1;17/03/2020;05/05/2020
Germany;StayHomeGenPartial;1;06/05/2020;29/06/2020
Greece;ClosDaycare;1;11/03/2020;01/06/2020
Greece;ClosHigh;1;11/03/2020;24/05/2020
Greece;ClosHighPartial;1;25/05/2020;NA
Greece;ClosPrim;1;11/03/2020;01/06/2020
Greece;ClosPubAny;1;14/03/2020;03/05/2020
Greece;ClosPubAnyPartial;1;04/05/2020;NA
Greece;ClosSec;1;11/03/2020;10/05/2020
Greece;ClosSecPartial;1;11/05/2020;18/05/2020
Greece;EntertainmentVenues;1;14/03/2020;17/05/2020
Greece;EntertainmentVenuesPartial;1;18/05/2020;15/06/2020
Greece;EntertainmentVenuesPartial;3;13/07/2020;NA
Greece;GymsSportsCentres;1;14/03/2020;05/06/2020
Greece;GymsSportsCentresPartial;1;06/06/2020;15/06/2020
Greece;HotelsOtherAccommodation;1;15/03/2020;24/05/2020
Greece;HotelsOtherAccommodationPartial;1;25/05/2020;01/07/2020
Greece;IndoorOver100;1;09/08/2020;NA
Greece;IndoorOver5;1;19/03/2020;03/05/2020
Greece;MasksMandatoryClosedSpaces;1;28/04/2020;NA
Greece;MasksVoluntaryClosedSpaces;1;28/04/2020;07/08/2020
Greece;MassGatherAll;1;19/03/2020;03/05/2020
Greece;MassGatherAll;3;09/08/2020;NA
Greece;NonEssentialShops;1;14/03/2020;03/05/2020
Greece;NonEssentialShopsPartial;1;04/05/2020;01/06/2020
Greece;OutdoorOver100;1;09/08/2020;NA
Greece;OutdoorOver5;1;19/03/2020;03/05/2020
Greece;PlaceOfWorship;1;14/03/2020;16/05/2020
Greece;PlaceOfWorshipPartial;1;17/05/2020;05/06/2020
Greece;RestaurantsCafes;1;14/03/2020;31/05/2020
Greece;RestaurantsCafesPartial;1;01/06/2020;NA
Greece;StayHomeGen;1;27/02/2020;22/03/2020
Greece;StayHomeOrder;1;23/03/2020;04/05/2020
Greece;StayHomeRiskG;1;11/03/2020;NA
Greece;Teleworking;1;19/03/2020;NA
Hungary;ClosDaycare;1;25/03/2020;02/06/2020
Hungary;ClosHigh;1;25/03/2020;18/05/2020
Hungary;ClosPrim;1;16/03/2020;01/06/2020
Hungary;ClosPrimPartial;1;02/06/2020;26/06/2020
Hungary;ClosPubAny;1;13/03/2020;18/05/2020
Hungary;ClosPubAny;3;21/09/2020;NA
Hungary;ClosSec;1;16/03/2020;01/06/2020
Hungary;ClosSecPartial;1;02/06/2020;26/06/2020
Hungary;EntertainmentVenues;1;13/03/2020;18/05/2020
Hungary;EntertainmentVenues;3;21/09/2020;NA
Hungary;IndoorOver100;1;11/03/2020;15/03/2020
Hungary;IndoorOver5;1;16/03/2020;11/06/2020
Hungary;MasksMandatoryClosedSpaces;1;04/05/2020;NA
Hungary;MassGatherAll;1;11/03/2020;11/06/2020
Hungary;NonEssentialShops;1;28/03/2020;18/05/2020
Hungary;OutdoorOver5;1;16/03/2020;11/06/2020
Hungary;RestaurantsCafes;1;28/03/2020;18/05/2020
Hungary;StayHomeGen;1;21/03/2020;26/03/2020
Hungary;StayHomeOrder;1;27/03/2020;18/05/2020
Iceland;AdaptationOfWorkplace;1;16/03/2020;NA
Iceland;ClosHigh;1;16/03/2020;04/05/2020
Iceland;ClosPubAny;1;16/03/2020;03/05/2020
Iceland;ClosPubAnyPartial;1;04/05/2020;15/06/2020
Iceland;ClosPubAnyPartial;3;31/08/2020;NA
Iceland;ClosSec;1;16/03/2020;04/05/2020
Iceland;EntertainmentVenues;1;16/03/2020;03/05/2020
Iceland;EntertainmentVenuesPartial;1;04/05/2020;25/05/2020
Iceland;EntertainmentVenuesPartial;3;31/08/2020;NA
Iceland;GymsSportsCentres;1;16/03/2020;17/05/2020
Iceland;GymsSportsCentresPartial;1;18/05/2020;15/06/2020
Iceland;IndoorOver100;1;16/03/2020;23/03/2020
Iceland;IndoorOver100;3;31/07/2020;09/09/2020
Iceland;IndoorOver50;1;24/03/2020;25/05/2020
Iceland;IndoorOver500;1;26/05/2020;30/07/2020
Iceland;IndoorOver500;3;10/09/2020;NA
Iceland;MasksVoluntaryAllSpacesPartial;1;31/07/2020;NA
Iceland;MassGatherAll;1;16/03/2020;24/05/2020
Iceland;MassGatherAllPartial;1;25/05/2020;NA
Iceland;OutdoorOver100;1;16/03/2020;23/03/2020
Iceland;OutdoorOver100;3;31/07/2020;07/09/2020
Iceland;OutdoorOver50;1;24/03/2020;25/05/2020
Iceland;OutdoorOver500;1;26/05/2020;30/07/2020
Iceland;OutdoorOver500;3;08/09/2020;NA
Iceland;RestaurantsCafes;1;16/03/2020;25/05/2020
Iceland;StayHomeRiskG;1;16/03/2020;NA
Ireland;ClosDaycare;1;12/03/2020;29/06/2020
Ireland;ClosHigh;1;12/03/2020;NA
Ireland;ClosPrim;1;12/03/2020;24/08/2020
Ireland;ClosPubAny;1;12/03/2020;26/03/2020
Ireland;ClosPubAny;3;06/06/2020;29/06/2020
Ireland;ClosPubAnyPartial;1;27/03/2020;05/06/2020
Ireland;ClosPubAnyPartial;3;06/10/2020;NA
Ireland;ClosSec;1;12/03/2020;31/08/2020
Ireland;ClosureOfPublicTransportPartial;1;27/03/2020;05/06/2020
Ireland;EntertainmentVenues;1;12/03/2020;29/06/2020
Ireland;EntertainmentVenues;3;06/10/2020;NA
Ireland;GymsSportsCentres;1;24/03/2020;29/06/2020
Ireland;GymsSportsCentresPartial;1;06/10/2020;NA
Ireland;IndoorOver100;1;12/03/2020;23/03/2020
Ireland;IndoorOver5;1;24/03/2020;28/06/2020
Ireland;IndoorOver50;1;29/06/2020;NA
Ireland;MasksMandatoryClosedSpaces;1;29/06/2020;NA
Ireland;MasksVoluntaryAllSpaces;1;18/05/2020;NA
Ireland;MassGatherAll;1;12/03/2020;NA
Ireland;NonEssentialShops;1;24/03/2020;29/06/2020
Ireland;OutdoorOver5;1;24/03/2020;28/06/2020
Ireland;OutdoorOver50;1;24/08/2020;NA
Ireland;OutdoorOver500;1;12/03/2020;23/03/2020
Ireland;OutdoorOver500;3;29/06/2020;23/08/2020
Ireland;PlaceOfWorshipPartial;1;06/10/2020;NA
Ireland;RestaurantsCafes;1;24/03/2020;29/06/2020
Ireland;RestaurantsCafesPartial;1;06/10/2020;NA
Ireland;StayHomeGen;1;24/03/2020;26/03/2020
Ireland;StayHomeGen;3;18/05/2020;26/06/2020
Ireland;StayHomeGenPartial;1;12/03/2020;23/03/2020
Ireland;StayHomeOrder;1;27/03/2020;17/05/2020
Ireland;StayHomeRiskG;1;12/03/2020;NA
Ireland;Teleworking;1;12/03/2020;07/06/2020
Ireland;TeleworkingPartial;1;08/06/2020;NA
Italy;AdaptationOfWorkplace;1;10/03/2020;NA
Italy;ClosDaycare;1;10/03/2020;10/06/2020
Italy;ClosDaycarePartial;1;04/03/2020;09/03/2020
Italy;ClosDaycarePartial;3;11/06/2020;14/09/2020
Italy;ClosHigh;1;10/03/2020;10/06/2020
Italy;ClosHighPartial;1;04/03/2020;09/03/2020
Italy;ClosHighPartial;3;11/06/2020;14/09/2020
Italy;ClosPrim;1;11/03/2020;14/09/2020
Italy;ClosPrimPartial;1;04/03/2020;10/03/2020
Italy;ClosPubAnyPartial;1;10/03/2020;NA
Italy;ClosSec;1;04/03/2020;16/06/2020
Italy;ClosSec;3;05/07/2020;14/09/2020
Italy;ClosSecPartial;1;17/06/2020;04/07/2020
Italy;EntertainmentVenues;1;10/03/2020;17/05/2020
Italy;EntertainmentVenuesPartial;1;18/05/2020;15/06/2020
Italy;GymsSportsCentres;1;10/03/2020;24/05/2020
Italy;GymsSportsCentresPartial;1;25/05/2020;NA
Italy;IndoorOver100;1;12/06/2020;06/08/2020
Italy;IndoorOver500;1;07/08/2020;NA
Italy;MasksMandatoryAllSpaces;1;26/04/2020;14/07/2020
Italy;MasksMandatoryAllSpaces;3;16/08/2020;30/09/2020
Italy;MasksMandatoryAllSpacesPartial;1;15/07/2020;15/08/2020
Italy;MasksMandatoryClosedSpaces;1;14/04/2020;NA
Italy;MassGatherAllPartial;1;12/06/2020;NA
Italy;NonEssentialShops;1;10/03/2020;13/04/2020
Italy;NonEssentialShopsPartial;1;14/04/2020;18/05/2020
Italy;OutdoorOver1000;1;07/08/2020;NA
Italy;OutdoorOver500;1;12/06/2020;06/08/2020
Italy;PlaceOfWorship;1;10/03/2020;15/06/2020
Italy;RestaurantsCafesPartial;1;10/03/2020;18/05/2020
Italy;StayHomeOrder;1;10/03/2020;04/05/2020
Italy;StayHomeRiskG;1;04/03/2020;NA
Italy;Teleworking;1;12/03/2020;NA
Latvia;ClosDaycarePartial;1;17/03/2020;10/06/2020
Latvia;ClosHigh;1;17/03/2020;31/08/2020
Latvia;ClosPrim;1;17/03/2020;31/08/2020
Latvia;ClosPubAny;1;17/03/2020;11/05/2020
Latvia;ClosPubAnyPartial;1;12/05/2020;10/06/2020
Latvia;ClosPubAnyPartial;3;11/07/2020;NA
Latvia;ClosSecPartial;1;17/03/2020;07/05/2020
Latvia;EntertainmentVenues;1;17/03/2020;11/05/2020
Latvia;EntertainmentVenuesPartial;1;12/05/2020;10/06/2020
Latvia;GymsSportsCentres;1;17/03/2020;11/05/2020
Latvia;GymsSportsCentresPartial;1;12/05/2020;10/06/2020
Latvia;IndoorOver100;1;11/06/2020;31/07/2020
Latvia;IndoorOver1000;1;17/08/2020;NA
Latvia;IndoorOver50;1;17/03/2020;10/06/2020
Latvia;IndoorOver500;1;01/08/2020;16/08/2020
Latvia;MasksMandatoryAllSpacesPartial;1;17/03/2020;30/06/2020
Latvia;MasksMandatoryClosedSpaces;1;07/10/2020;NA
Latvia;MasksMandatoryClosedSpacesPartial;1;12/05/2020;30/06/2020
Latvia;MasksVoluntaryAllSpacesPartial;1;20/04/2020;30/06/2020
Latvia;MassGatherAll;1;17/03/2020;30/06/2020
Latvia;MassGatherAll;3;01/08/2020;NA
Latvia;MassGatherAllPartial;1;01/07/2020;31/07/2020
Latvia;OutdoorOver100;1;12/05/2020;10/06/2020
Latvia;OutdoorOver1000;1;01/07/2020;NA
Latvia;OutdoorOver500;1;11/06/2020;30/06/2020
Latvia;PlaceOfWorship;1;17/03/2020;11/05/2020
Latvia;PlaceOfWorshipPartial;1;12/05/2020;10/06/2020
Latvia;RestaurantsCafesPartial;1;11/07/2020;NA
Latvia;StayHomeGen;1;17/03/2020;11/05/2020
Latvia;StayHomeGenPartial;1;12/05/2020;10/06/2020
Latvia;Teleworking;1;17/03/2020;NA
Liechtenstein;ClosDaycare;1;16/03/2020;11/05/2020
Liechtenstein;ClosHigh;1;16/03/2020;08/06/2020
Liechtenstein;ClosPrim;1;16/03/2020;08/06/2020
Liechtenstein;ClosPubAnyPartial;1;12/03/2020;06/06/2020
Liechtenstein;ClosSec;1;16/03/2020;08/06/2020
Liechtenstein;EntertainmentVenues;1;17/03/2020;06/06/2020
Liechtenstein;GymsSportsCentresPartial;1;12/03/2020;06/06/2020
Liechtenstein;IndoorOver100;1;13/03/2020;15/03/2020
Liechtenstein;IndoorOver100;3;20/03/2020;03/07/2020
Liechtenstein;IndoorOver1000;1;28/02/2020;12/03/2020
Liechtenstein;IndoorOver1000;3;04/07/2020;30/09/2020
Liechtenstein;IndoorOver5;1;16/03/2020;19/03/2020
Liechtenstein;MasksMandatoryClosedSpacesPartial;1;06/07/2020;NA
Liechtenstein;MasksVoluntaryClosedSpaces;1;13/05/2020;05/07/2020
Liechtenstein;MassGatherAll;1;28/02/2020;30/09/2020
Liechtenstein;NonEssentialShops;1;17/03/2020;27/04/2020
Liechtenstein;OutdoorOver100;1;13/03/2020;15/03/2020
Liechtenstein;OutdoorOver100;3;21/05/2020;03/07/2020
Liechtenstein;OutdoorOver1000;1;28/02/2020;12/03/2020
Liechtenstein;OutdoorOver5;1;16/03/2020;20/05/2020
Liechtenstein;RestaurantsCafes;1;17/03/2020;15/05/2020
Liechtenstein;StayHomeGen;1;21/03/2020;18/05/2020
Liechtenstein;StayHomeRiskG;1;16/03/2020;NA
Lithuania;ClosDaycare;1;16/03/2020;26/04/2020
Lithuania;ClosDaycarePartial;1;27/04/2020;27/05/2020
Lithuania;ClosHigh;1;16/03/2020;24/05/2020
Lithuania;ClosHighPartial;1;25/05/2020;30/06/2020
Lithuania;ClosPrim;1;16/03/2020;24/05/2020
Lithuania;ClosPrimPartial;1;25/05/2020;23/06/2020
Lithuania;ClosPubAnyPartial;1;16/03/2020;NA
Lithuania;ClosSec;1;16/03/2020;31/05/2020
Lithuania;ClosSecPartial;1;01/06/2020;16/06/2020
Lithuania;EntertainmentVenues;1;16/03/2020;26/04/2020
Lithuania;EntertainmentVenuesPartial;1;27/04/2020;17/07/2020
Lithuania;GymsSportsCentresPartial;1;16/03/2020;16/06/2020
Lithuania;IndoorOver100;1;01/06/2020;15/06/2020
Lithuania;IndoorOver1000;1;16/08/2020;31/08/2020
Lithuania;IndoorOver5;1;12/03/2020;31/05/2020
Lithuania;IndoorOver500;1;17/06/2020;31/07/2020
Lithuania;MasksMandatoryAllSpacesPartial;1;30/04/2020;16/06/2020
Lithuania;MasksMandatoryClosedSpaces;1;10/04/2020;13/05/2020
Lithuania;MasksMandatoryClosedSpacesPartial;1;01/08/2020;NA
Lithuania;MasksVoluntaryAllSpaces;1;23/03/2020;09/04/2020
Lithuania;MasksVoluntaryAllSpaces;3;16/06/2020;NA
Lithuania;MassGatherAll;1;12/03/2020;18/03/2020
Lithuania;MassGatherAll;3;01/07/2020;15/08/2020
Lithuania;MassGatherAllPartial;1;19/03/2020;30/06/2020
Lithuania;MassGatherAllPartial;3;16/08/2020;31/08/2020
Lithuania;NonEssentialShops;1;16/03/2020;22/04/2020
Lithuania;NonEssentialShopsPartial;1;23/04/2020;NA
Lithuania;OutdoorOver1000;1;17/06/2020;31/08/2020
Lithuania;OutdoorOver5;1;19/03/2020;08/06/2020
Lithuania;OutdoorOver50;1;09/06/2020;16/06/2020
Lithuania;PlaceOfWorship;1;16/03/2020;26/04/2020
Lithuania;PlaceOfWorshipPartial;1;27/04/2020;16/06/2020
Lithuania;RestaurantsCafes;1;16/03/2020;03/05/2020
Lithuania;RestaurantsCafesPartial;1;04/05/2020;16/06/2020
Lithuania;StayHomeGen;1;16/03/2020;16/06/2020
Lithuania;Teleworking;1;10/03/2020;15/06/2020
Lithuania;TeleworkingPartial;1;16/06/2020;NA
Luxembourg;ClosDaycare;1;16/03/2020;24/05/2020
Luxembourg;ClosHigh;1;16/03/2020;24/05/2020
Luxembourg;ClosPrim;1;16/03/2020;24/05/2020
Luxembourg;ClosPubAnyPartial;1;16/03/2020;NA
Luxembourg;ClosSec;1;16/03/2020;04/05/2020
Luxembourg;ClosSecPartial;1;05/05/2020;26/05/2020
Luxembourg;ClosureOfPublicTransportPartial;1;16/03/2020;08/06/2020
Luxembourg;EntertainmentVenues;1;16/03/2020;10/05/2020
Luxembourg;EntertainmentVenuesPartial;1;11/05/2020;NA
Luxembourg;GymsSportsCentres;1;16/03/2020;29/05/2020
Luxembourg;IndoorOver1000;1;09/03/2020;15/03/2020
Luxembourg;IndoorOver5;1;16/03/2020;11/05/2020
Luxembourg;IndoorOver50;1;12/05/2020;NA
Luxembourg;MasksMandatoryAllSpaces;1;18/03/2020;19/04/2020
Luxembourg;MasksMandatoryAllSpacesPartial;1;22/06/2020;NA
Luxembourg;MasksMandatoryClosedSpacesPartial;1;20/04/2020;NA
Luxembourg;MassGatherAll;1;09/03/2020;15/03/2020
Luxembourg;MassGatherAllPartial;1;16/03/2020;NA
Luxembourg;NonEssentialShops;1;16/03/2020;19/04/2020
Luxembourg;NonEssentialShopsPartial;1;20/04/2020;11/05/2020
Luxembourg;OutdoorOver5;1;16/03/2020;11/05/2020
Luxembourg;OutdoorOver500;1;12/05/2020;31/07/2020
Luxembourg;RestaurantsCafes;1;16/03/2020;29/05/2020
Luxembourg;RestaurantsCafesPartial;1;30/05/2020;NA
Luxembourg;StayHomeOrder;1;18/03/2020;19/04/2020
Luxembourg;StayHomeOrderPartial;1;20/04/2020;11/05/2020
Luxembourg;StayHomeRiskG;1;12/03/2020;NA
Luxembourg;Teleworking;1;13/03/2020;NA
Malta;ClosDaycare;1;13/03/2020;NA
Malta;ClosHigh;1;13/03/2020;30/06/2020
Malta;ClosPrim;1;13/03/2020;30/06/2020
Malta;ClosPubAny;1;18/03/2020;21/05/2020
Malta;ClosPubAnyPartial;1;22/05/2020;NA
Malta;ClosSec;1;13/03/2020;30/06/2020
Malta;EntertainmentVenues;1;18/03/2020;21/05/2020
Malta;EntertainmentVenues;3;17/08/2020;NA
Malta;GymsSportsCentres;1;18/03/2020;02/06/2020
Malta;GymsSportsCentresPartial;1;03/06/2020;NA
Malta;IndoorOver5;1;13/03/2020;NA
Malta;MasksMandatoryClosedSpaces;1;22/05/2020;NA
Malta;MassGatherAll;1;13/03/2020;NA
Malta;NonEssentialShops;1;23/03/2020;21/05/2020
Malta;NonEssentialShopsPartial;1;22/05/2020;NA
Malta;OutdoorOver5;1;13/03/2020;NA
Malta;RestaurantsCafes;1;18/03/2020;21/05/2020
Malta;RestaurantsCafesPartial;1;22/05/2020;NA
Malta;StayHomeRiskG;1;28/03/2020;NA
Malta;Teleworking;1;08/05/2020;NA
Netherlands;AdaptationOfWorkplace;1;11/05/2020;NA
Netherlands;ClosDaycare;1;16/03/2020;10/05/2020
Netherlands;ClosDaycarePartial;1;11/05/2020;08/06/2020
Netherlands;ClosHigh;1;12/03/2020;14/06/2020
Netherlands;ClosHighPartial;1;15/06/2020;01/09/2020
Netherlands;ClosPrim;1;16/03/2020;10/05/2020
Netherlands;ClosPrimPartial;1;11/05/2020;08/06/2020
Netherlands;ClosPubAnyPartial;1;12/03/2020;NA
Netherlands;ClosSec;1;16/03/2020;01/06/2020
Netherlands;ClosSecPartial;1;02/06/2020;30/06/2020
Netherlands;ClosureOfPublicTransportPartial;1;12/03/2020;31/05/2020
Netherlands;EntertainmentVenues;1;12/03/2020;23/03/2020
Netherlands;EntertainmentVenuesPartial;1;24/03/2020;NA
Netherlands;GymsSportsCentres;1;16/03/2020;28/04/2020
Netherlands;GymsSportsCentresPartial;1;29/04/2020;30/06/2020
Netherlands;IndoorOver100;1;12/03/2020;22/03/2020
Netherlands;IndoorOver100;3;01/07/2020;28/09/2020
Netherlands;IndoorOver5;1;23/03/2020;01/06/2020
Netherlands;IndoorOver50;1;02/06/2020;30/06/2020
Netherlands;IndoorOver50;3;29/09/2020;NA
Netherlands;MasksMandatoryClosedSpaces;1;01/06/2020;NA
Netherlands;MasksVoluntaryClosedSpaces;1;30/09/2020;NA
Netherlands;MassGatherAll;1;12/03/2020;30/06/2020
Netherlands;MassGatherAll;3;29/09/2020;NA
Netherlands;MassGatherAllPartial;1;01/07/2020;28/09/2020
Netherlands;OutdoorOver100;1;12/03/2020;22/03/2020
Netherlands;OutdoorOver5;1;23/03/2020;01/06/2020
Netherlands;OutdoorOver50;1;29/09/2020;NA
Netherlands;OutdoorOver500;1;01/07/2020;28/09/2020
Netherlands;PlaceOfWorship;1;16/03/2020;31/05/2020
Netherlands;PlaceOfWorshipPartial;1;01/06/2020;30/06/2020
Netherlands;RestaurantsCafes;1;15/03/2020;31/05/2020
Netherlands;RestaurantsCafesPartial;1;01/06/2020;30/06/2020
Netherlands;RestaurantsCafesPartial;3;29/09/2020;NA
Netherlands;StayHomeGen;1;16/03/2020;10/05/2020
Netherlands;StayHomeGenPartial;1;11/05/2020;01/06/2020
Netherlands;StayHomeRiskG;1;13/03/2020;26/06/2020
Netherlands;Teleworking;1;12/03/2020;NA
Netherlands;WorkplaceClosures;1;23/03/2020;10/05/2020
Norway;ClosDaycare;1;12/03/2020;20/04/2020
Norway;ClosHigh;1;12/03/2020;15/06/2020
Norway;ClosPrim;1;12/03/2020;27/04/2020
Norway;ClosPubAnyPartial;1;12/03/2020;NA
Norway;ClosSec;1;12/03/2020;11/05/2020
Norway;EntertainmentVenues;1;12/03/2020;31/05/2020
Norway;EntertainmentVenuesPartial;1;01/06/2020;15/06/2020
Norway;GymsSportsCentres;1;12/03/2020;15/06/2020
Norway;IndoorOver5;1;12/03/2020;06/05/2020
Norway;IndoorOver50;1;07/05/2020;14/06/2020
Norway;IndoorOver500;1;15/06/2020;NA
Norway;MasksMandatoryClosedSpacesPartial;1;14/08/2020;NA
Norway;MassGatherAll;1;12/03/2020;14/06/2020
Norway;MassGatherAllPartial;1;15/06/2020;NA
Norway;OutdoorOver5;1;12/03/2020;06/05/2020
Norway;OutdoorOver50;1;07/05/2020;14/06/2020
Norway;OutdoorOver500;1;15/06/2020;NA
Norway;RestaurantsCafesPartial;1;12/03/2020;NA
Norway;SocialCircle;1;02/06/2020;NA
Norway;StayHomeRiskG;1;12/03/2020;01/06/2020
Norway;Teleworking;1;10/03/2020;NA
Poland;AdaptationOfWorkplace;1;02/04/2020;NA
Poland;ClosDaycare;1;12/03/2020;06/05/2020
Poland;ClosHigh;1;12/03/2020;24/05/2020
Poland;ClosHighPartial;1;25/05/2020;31/08/2020
Poland;ClosPrim;1;12/03/2020;24/05/2020
Poland;ClosPrimPartial;1;25/05/2020;31/08/2020
Poland;ClosPubAny;1;14/03/2020;31/03/2020
Poland;ClosPubAnyPartial;1;01/04/2020;NA
Poland;ClosSec;1;12/03/2020;24/05/2020
Poland;ClosSecPartial;1;25/05/2020;31/08/2020
Poland;ClosureOfPublicTransportPartial;1;01/04/2020;NA
Poland;EntertainmentVenues;1;14/03/2020;06/06/2020
Poland;EntertainmentVenuesPartial;1;07/06/2020;NA
Poland;GymsSportsCentres;1;14/03/2020;04/06/2020
Poland;GymsSportsCentresPartial;1;05/06/2020;NA
Poland;HotelsOtherAccommodation;1;14/03/2020;04/05/2020
Poland;IndoorOver100;1;06/08/2020;NA
Poland;IndoorOver1000;1;18/06/2020;05/08/2020
Poland;IndoorOver5;1;02/04/2020;03/05/2020
Poland;IndoorOver50;1;14/03/2020;01/04/2020
Poland;IndoorOver500;1;10/03/2020;13/03/2020
Poland;MasksMandatoryAllSpaces;1;16/04/2020;29/05/2020
Poland;MasksMandatoryAllSpacesPartial;1;30/05/2020;NA
Poland;MasksMandatoryClosedSpacesPartial;1;30/05/2020;NA
Poland;MassGatherAll;1;10/03/2020;17/06/2020
Poland;MassGatherAllPartial;1;18/06/2020;NA
Poland;NonEssentialShops;1;14/03/2020;03/05/2020
Poland;NonEssentialShopsPartial;1;04/05/2020;30/05/2020
Poland;OutdoorOver100;1;30/05/2020;16/07/2020
Poland;OutdoorOver100;3;06/08/2020;NA
Poland;OutdoorOver1000;1;10/03/2020;13/03/2020
Poland;OutdoorOver1000;3;17/07/2020;05/08/2020
Poland;OutdoorOver5;1;02/04/2020;29/05/2020
Poland;OutdoorOver50;1;14/03/2020;01/04/2020
Poland;PlaceOfWorshipPartial;1;19/04/2020;30/05/2020
Poland;RestaurantsCafes;1;14/03/2020;17/05/2020
Poland;RestaurantsCafesPartial;1;18/05/2020;29/05/2020
Poland;StayHomeGen;1;20/04/2020;04/05/2020
Poland;StayHomeOrder;1;24/03/2020;19/04/2020
Poland;StayHomeRiskG;1;08/03/2020;NA
Poland;Teleworking;1;08/03/2020;NA
Portugal;ClosDaycare;1;16/03/2020;17/05/2020
Portugal;ClosDaycarePartial;1;18/05/2020;31/05/2020
Portugal;ClosHigh;1;16/03/2020;17/05/2020
Portugal;ClosHighPartial;1;18/05/2020;07/09/2020
Portugal;ClosPrim;1;16/03/2020;14/09/2020
Portugal;ClosPubAny;1;13/03/2020;17/03/2020
Portugal;ClosPubAnyPartial;1;18/03/2020;NA
Portugal;ClosSec;1;16/03/2020;17/05/2020
Portugal;ClosSecPartial;1;18/05/2020;14/09/2020
Portugal;ClosureOfPublicTransportPartial;1;18/03/2020;NA
Portugal;EntertainmentVenues;1;13/03/2020;17/05/2020
Portugal;EntertainmentVenuesPartial;1;18/05/2020;NA
Portugal;GymsSportsCentres;1;15/03/2020;03/05/2020
Portugal;GymsSportsCentresPartial;1;04/05/2020;NA
Portugal;IndoorOver100;1;15/03/2020;02/05/2020
Portugal;IndoorOver50;1;03/05/2020;NA
Portugal;MasksMandatoryClosedSpaces;1;04/05/2020;NA
Portugal;MassGatherAll;1;15/03/2020;NA
Portugal;NonEssentialShops;1;15/03/2020;03/05/2020
Portugal;NonEssentialShopsPartial;1;04/05/2020;NA
Portugal;OutdoorOver100;1;15/03/2020;02/05/2020
Portugal;OutdoorOver50;1;03/05/2020;NA
Portugal;PlaceOfWorship;1;13/03/2020;30/05/2020
Portugal;RestaurantsCafes;1;15/03/2020;17/05/2020
Portugal;RestaurantsCafesPartial;1;18/05/2020;NA
Portugal;StayHomeGen;1;19/03/2020;02/05/2020
Portugal;StayHomeRiskG;1;18/03/2020;NA
Portugal;Teleworking;1;16/03/2020;31/05/2020
Portugal;TeleworkingPartial;1;01/06/2020;NA
Romania;AdaptationOfWorkplace;1;16/03/2020;NA
Romania;ClosDaycare;1;16/03/2020;14/06/2020
Romania;ClosDaycarePartial;1;15/06/2020;14/09/2020
Romania;ClosHigh;1;16/03/2020;14/06/2020
Romania;ClosHighPartial;1;31/08/2020;NA
Romania;ClosPrim;1;16/03/2020;14/06/2020
Romania;ClosPrimPartial;1;15/06/2020;14/09/2020
Romania;ClosPubAny;1;18/03/2020;13/05/2020
Romania;ClosPubAnyPartial;1;14/05/2020;NA
Romania;ClosSec;1;16/03/2020;01/06/2020
Romania;ClosSecPartial;1;02/06/2020;14/09/2020
Romania;EntertainmentVenues;1;18/03/2020;13/05/2020
Romania;EntertainmentVenuesPartial;1;14/05/2020;NA
Romania;GymsSportsCentres;1;18/03/2020;30/05/2020
Romania;GymsSportsCentresPartial;1;31/05/2020;14/06/2020
Romania;HotelsOtherAccommodation;1;18/03/2020;15/05/2020
Romania;IndoorOver5;1;22/03/2020;31/05/2020
Romania;IndoorOver50;1;01/09/2020;NA
Romania;MasksMandatoryClosedSpaces;1;15/05/2020;NA
Romania;MassGatherAll;1;18/03/2020;30/05/2020
Romania;MassGatherAllPartial;1;31/05/2020;NA
Romania;NonEssentialShops;1;22/03/2020;13/05/2020
Romania;NonEssentialShopsPartial;1;14/05/2020;14/06/2020
Romania;OutdoorOver100;1;18/03/2020;21/03/2020
Romania;OutdoorOver100;3;15/06/2020;NA
Romania;OutdoorOver5;1;22/03/2020;14/06/2020
Romania;PlaceOfWorship;1;18/03/2020;14/05/2020
Romania;PlaceOfWorshipPartial;1;15/05/2020;NA
Romania;RestaurantsCafes;1;18/03/2020;14/06/2020
Romania;RestaurantsCafesPartial;1;15/06/2020;NA
Romania;StayHomeOrder;1;22/03/2020;13/05/2020
Romania;StayHomeOrderPartial;1;14/05/2020;31/05/2020
Romania;StayHomeRiskG;1;25/03/2020;14/05/2020
Romania;Teleworking;1;16/03/2020;14/05/2020
Romania;TeleworkingPartial;1;15/05/2020;NA
Slovakia;ClosDaycare;1;16/03/2020;01/06/2020
Slovakia;ClosHigh;1;12/03/2020;09/06/2020
Slovakia;ClosHighPartial;1;10/06/2020;NA
Slovakia;ClosPrim;1;12/03/2020;01/06/2020
Slovakia;ClosPubAny;1;16/03/2020;20/05/2020
Slovakia;ClosPubAny;3;01/10/2020;NA
Slovakia;ClosSec;1;12/03/2020;01/06/2020
Slovakia;EntertainmentVenues;1;16/03/2020;20/05/2020
Slovakia;GymsSportsCentres;1;16/03/2020;20/05/2020
Slovakia;IndoorOver100;1;28/05/2020;10/06/2020
Slovakia;IndoorOver50;1;09/03/2020;27/05/2020
Slovakia;IndoorOver50;3;01/10/2020;NA
Slovakia;IndoorOver500;1;01/09/2020;30/09/2020
Slovakia;MasksMandatoryAllSpaces;1;12/03/2020;20/04/2020
Slovakia;MasksMandatoryAllSpaces;3;01/10/2020;NA
Slovakia;MasksMandatoryAllSpacesPartial;1;21/04/2020;30/06/2020
Slovakia;MasksMandatoryClosedSpaces;1;01/07/2020;NA
Slovakia;MasksVoluntaryAllSpaces;1;01/07/2020;30/09/2020
Slovakia;MassGatherAll;1;09/03/2020;10/06/2020
Slovakia;MassGatherAll;3;01/09/2020;NA
Slovakia;OutdoorOver100;1;28/05/2020;10/06/2020
Slovakia;OutdoorOver1000;1;01/09/2020;30/09/2020
Slovakia;OutdoorOver50;1;09/03/2020;27/05/2020
Slovakia;OutdoorOver50;3;01/10/2020;NA
Slovakia;RestaurantsCafes;1;16/03/2020;20/05/2020
Slovakia;RestaurantsCafes;3;01/10/2020;NA
Slovenia;ClosDaycare;1;12/03/2020;17/05/2020
Slovenia;ClosHigh;1;12/03/2020;29/05/2020
Slovenia;ClosPrim;1;12/03/2020;17/05/2020
Slovenia;ClosPrimPartial;1;18/05/2020;01/06/2020
Slovenia;ClosPubAny;1;14/03/2020;28/04/2020
Slovenia;ClosPubAnyPartial;1;29/04/2020;NA
Slovenia;ClosSec;1;12/03/2020;31/05/2020
Slovenia;ClosSecPartial;1;01/06/2020;23/06/2020
Slovenia;ClosureOfPublicTransport;1;14/03/2020;04/05/2020
Slovenia;EntertainmentVenues;1;15/03/2020;28/04/2020
Slovenia;EntertainmentVenuesPartial;1;29/04/2020;NA
Slovenia;GymsSportsCentres;1;15/03/2020;17/05/2020
Slovenia;GymsSportsCentresPartial;1;18/05/2020;01/06/2020
Slovenia;IndoorOver100;1;10/03/2020;31/05/2020
Slovenia;IndoorOver50;1;15/06/2020;08/07/2020
Slovenia;IndoorOver500;1;07/03/2020;09/03/2020
Slovenia;IndoorOver500;3;01/06/2020;14/06/2020
Slovenia;MasksMandatoryAllSpaces;1;30/03/2020;01/06/2020
Slovenia;MasksMandatoryClosedSpaces;1;25/06/2020;NA
Slovenia;MasksMandatoryClosedSpacesPartial;1;01/06/2020;24/06/2020
Slovenia;MassGatherAll;1;07/03/2020;08/07/2020
Slovenia;NonEssentialShops;1;15/03/2020;20/04/2020
Slovenia;OutdoorOver5;1;19/03/2020;17/05/2020
Slovenia;OutdoorOver50;1;18/05/2020;31/05/2020
Slovenia;OutdoorOver500;1;10/03/2020;18/03/2020
Slovenia;OutdoorOver500;3;01/06/2020;14/06/2020
Slovenia;RestaurantsCafes;1;15/03/2020;03/05/2020
Slovenia;RestaurantsCafesPartial;1;04/05/2020;18/05/2020
Slovenia;StayHomeOrder;1;19/03/2020;04/05/2020
Slovenia;Teleworking;1;04/03/2020;NA
Slovenia;WorkplaceClosures;1;15/03/2020;04/05/2020
Spain;AdaptationOfWorkplace;1;11/04/2020;NA
Spain;ClosDaycare;1;12/03/2020;27/08/2020
Spain;ClosHigh;1;12/03/2020;27/08/2020
Spain;ClosPrim;1;12/03/2020;27/08/2020
Spain;ClosPubAny;1;14/03/2020;03/05/2020
Spain;ClosPubAnyPartial;1;04/05/2020;NA
Spain;ClosSec;1;12/03/2020;27/08/2020
Spain;EntertainmentVenues;1;14/03/2020;10/05/2020
Spain;EntertainmentVenuesPartial;1;11/05/2020;NA
Spain;GymsSportsCentres;1;14/03/2020;03/05/2020
Spain;GymsSportsCentresPartial;1;04/05/2020;NA
Spain;HotelsOtherAccommodation;1;14/03/2020;31/05/2020
Spain;HotelsOtherAccommodationPartial;1;01/06/2020;NA
Spain;IndoorOver5;1;14/03/2020;01/06/2020
Spain;IndoorOver50;1;02/06/2020;NA
Spain;MasksMandatoryAllSpaces;1;04/08/2020;NA
Spain;MasksMandatoryClosedSpaces;1;04/05/2020;21/05/2020
Spain;MasksVoluntaryClosedSpaces;1;13/03/2020;03/05/2020
Spain;MassGatherAll;1;14/03/2020;NA
Spain;NonEssentialShopsPartial;1;01/10/2020;NA
Spain;OutdoorOver5;1;14/03/2020;01/06/2020
Spain;OutdoorOver50;1;02/06/2020;NA
Spain;PlaceOfWorshipPartial;1;01/10/2020;NA
Spain;RestaurantsCafes;1;14/03/2020;03/05/2020
Spain;RestaurantsCafesPartial;1;04/05/2020;NA
Spain;SocialCircle;1;27/08/2020;NA
Spain;StayHomeGen;1;09/03/2020;13/03/2020
Spain;StayHomeOrder;1;14/03/2020;03/05/2020
Spain;StayHomeOrderPartial;1;04/05/2020;11/05/2020
Spain;StayHomeRiskG;1;12/03/2020;NA
Spain;Teleworking;1;09/03/2020;12/04/2020
Spain;TeleworkingPartial;1;13/04/2020;NA
Sweden;AdaptationOfWorkplace;1;08/07/2020;NA
Sweden;AdaptationOfWorkplacePartial;1;25/03/2020;07/07/2020
Sweden;ClosHigh;1;18/03/2020;15/06/2020
Sweden;ClosPubAny;1;01/07/2020;NA
Sweden;ClosSec;1;18/03/2020;15/06/2020
Sweden;IndoorOver50;1;28/03/2020;NA
Sweden;IndoorOver500;1;12/03/2020;27/03/2020
Sweden;MassGatherAll;1;12/03/2020;NA
Sweden;OutdoorOver50;1;29/03/2020;NA
Sweden;OutdoorOver500;1;12/03/2020;28/03/2020
Sweden;RestaurantsCafes;1;01/07/2020;NA
Sweden;StayHomeGen;1;10/03/2020;NA
Sweden;StayHomeRiskG;1;01/04/2020;NA
Sweden;Teleworking;1;16/03/2020;NA
United Kingdom;ClosDaycare;1;23/03/2020;31/05/2020
United Kingdom;ClosDaycarePartial;1;01/06/2020;01/09/2020
United Kingdom;ClosPrim;1;23/03/2020;31/05/2020
United Kingdom;ClosPrimPartial;1;01/06/2020;01/09/2020
United Kingdom;ClosPubAny;1;16/03/2020;09/05/2020
United Kingdom;ClosPubAnyPartial;1;10/05/2020;NA
United Kingdom;ClosSec;1;23/03/2020;14/06/2020
United Kingdom;ClosSecPartial;1;15/06/2020;01/09/2020
United Kingdom;EntertainmentVenues;1;16/03/2020;02/07/2020
United Kingdom;EntertainmentVenuesPartial;1;03/07/2020;NA
United Kingdom;GymsSportsCentres;1;20/03/2020;12/05/2020
United Kingdom;GymsSportsCentresPartial;1;13/05/2020;09/07/2020
United Kingdom;HotelsOtherAccommodation;1;24/03/2020;02/07/2020
United Kingdom;IndoorOver5;1;24/03/2020;03/07/2020
United Kingdom;IndoorOver5;3;14/09/2020;NA
United Kingdom;IndoorOver50;1;04/07/2020;13/09/2020
United Kingdom;MasksMandatoryClosedSpaces;1;27/07/2020;NA
United Kingdom;MasksVoluntaryClosedSpaces;1;09/06/2020;26/07/2020
United Kingdom;MassGatherAll;1;24/03/2020;NA
United Kingdom;NonEssentialShops;1;23/03/2020;09/05/2020
United Kingdom;NonEssentialShopsPartial;1;10/05/2020;12/06/2020
United Kingdom;OutdoorOver5;1;24/03/2020;27/05/2020
United Kingdom;OutdoorOver5;3;14/09/2020;NA
United Kingdom;OutdoorOver50;1;28/05/2020;13/09/2020
United Kingdom;PlaceOfWorship;1;24/03/2020;18/05/2020
United Kingdom;RestaurantsCafes;1;16/03/2020;02/07/2020
United Kingdom;RestaurantsCafesPartial;1;24/09/2020;NA
United Kingdom;SocialCircle;1;09/09/2020;NA
United Kingdom;StayHomeGen;1;16/03/2020;23/03/2020
United Kingdom;StayHomeOrder;1;24/03/2020;09/05/2020
United Kingdom;StayHomeOrderPartial;1;10/05/2020;04/07/2020
United Kingdom;StayHomeRiskG;1;16/03/2020;05/07/2020
United Kingdom;StayHomeRiskGPartial;1;06/07/2020;01/08/2020
United Kingdom;Teleworking;1;16/03/2020;09/05/2020
United Kingdom;TeleworkingPartial;1;10/05/2020;NA
